_TagName;_Count
.net;866
asp.net-web-api;174
delphi;118
c++;2499
string;639
casting;15
google-maps;494
angularjs;1414
jasmine;5
karma-jasmine;4
typescript;676
perl;61
ios;558
xcode;359
elixir;4
javascript;17137
ruby-on-rails;621
ruby;393
vistas;57
jquery;7403
android;7507
socket;183
tcpip;12
tcp;26
mysql;8444
datetime;225
timestamp;49
sql;5437
join;144
oracle;916
oracle-10g;22
asp.net;2089
bower;13
c++11;130
google-apps-script;195
momentjs;49
http;242
post;279
kendoui;15
bash;418
c#;8682
java;13245
spring;540
hibernate;340
python;6654
variables;326
git;459
commit;9
laravel;3541
php;18365
ajax;3168
html;9183
css;3901
fish;2
android-intent;110
android-asynctask;133
linux;1031
shell;184
sed;29
awk;31
android-layout;493
unidades-de-medici¢n;3
pharo;2
smalltalk;4
regex;637
email;324
validaci¢n;291
rendimiento;55
optimizaci¢n;90
wcf;112
soap;211
soapui;18
try-catch;42
str-replace;33
git-commit;32
dukescript;3
admob;46
funciones;511
jvm;12
eclipse;473
depuraci¢n;28
jboss;42
vagrant;24
puppet;1
doctrine;46
doctrine2;49
matem ticas;105
coma-flotante;11
laravel-5;1750
zsh;5
django;1529
constructor;66
clase-abstracta;33
mercurial;3
control-de-versiones;25
pip;52
ubuntu;520
python-2.7;569
entity-framework;379
model-view-controller;55
formularios;619
html5;3261
comparaciones;57
knockoutjs;23
css3;1262
3d;15
importaci¢n;43
numpy;197
array;1972
google-newsstand-producer;1
objective-c;97
swift;514
visual-studio;1118
programaci¢n-funcional;79
android-softkeyboard;10
nodejs;1800
ec2;21
npm;203
aurelia.io;2
select2;93
rspec;7
python-3.x;2442
xml;829
codificaci¢n;62
utf-8;103
cordova;211
algoritmos;317
condiciones;226
loops;154
licencias;22
c¢digo-abierto;1
json;2263
gson;48
sql-server;2963
youtube;38
verilog;8
netbeans;670
plugin;106
c;1611
manejo-de-memoria;83
pdf;424
reportlab;20
azure;115
maven;175
android-auto;1
spring-roo;11
gvnix;17
punteros;168
excepciones;146
office365;22
mongodb;539
genexus;117
devices;6
sequelize.js;30
struts;38
hql;28
jpa;271
seam;3
dom;195
excel;821
vba;445
directorioactivo;29
smartcard;8
java-ee;261
servlets;189
yii2;111
lenguaje-agn¢stico;46
google-hoja-de-c lculo;178
archivo;395
object;142
sandbox;6
seguridad;142
djangorestframework;121
api;706
permisos;88
signalr;32
real-time;23
hilos;295
matrices-asociativas;6
ordenamiento;97
booleano;37
conda;10
matplotlib;153
pyqt5;163
embebido;28
pouchdb;1
github;190
git-push;62
git-fork;6
sharepoint;33
sharepoint-online;17
go;57
servicio;114
ssis;39
conversi¢n-de-tipos;53
i18n;10
ide;47
google-forms;24
uiwebview;8
ios8;8
sublimetext;24
sublimetext3;72
phpmyadmin;726
clase;179
m‚todo;149
rsync;9
depurar;15
asp.net-core;252
yii;43
yiibooster;1
cache;64
wordpress;1062
android-sqlite;151
haskell;79
estructuras-de-datos;203
pillow;9
tipos;17
navigationview;26
unix;103
grep;29
ascii;42
wpf;304
xaml;108
asincronismo;45
indexeddb;13
vb.net;1170
nosql;40
reactjs;784
reflexi¢n;9
automapper;13
xpath;58
poo;629
thymeleaf;49
vpn;22
django-models;284
users-roles;35
nginx;116
logrotate;1
configuraci¢n;50
perl6;4
asp.net-mvc-5;698
razor;205
osx;23
rss;11
windows-forms;901
latex;32
r;832
ggplot2;67
ms-access-2010;44
jersey;22
atmosphere;2
swagger;22
abap;6
postgresql;880
rodbc;2
java-8;179
bigdecimal;13
redondeo;13
double;43
nuget;21
web2py;21
magento2;28
backbone;13
bootstrap;1757
apache-poi;61
ssms;17
swift2;172
tsql;76
azure-storage;10
sqlite3;77
bookmarklet;1
gmail;67
lista;580
windows;546
avd;10
firebird;38
facebook;134
internet-explorer-11;17
asp.net-mvc;1076
yield;6
visual-studio-2010;42
wolfram-mathematica;3
multitasking;12
underscorejs;6
jboss-eap;9
ember.js;6
corona;3
clojure;2
consola;138
proceso;33
paso-por-valor;6
paso-por-referencia;14
debian;112
ntfs;1
qt;231
jquery-datepicker;52
google-drive;61
couchdb;5
jdbc;134
firebase;946
meteor;34
cuenta-usuario;23
spring-mvc;176
seo;78
joomla3;47
sqlfiddle;4
jsf;395
primefaces;269
localizaci¢n;13
base64;72
mysqli;1216
motor-de-juego;18
xhtml;57
oracle-11g;233
codeigniter;635
codeigniter-3;167
jquery-mobile;27
makefile;22
ionic;630
visual-studio-2015;338
arduino;185
gstreamer;4
unity3d;182
eventos;203
dns;76
iana;1
2d;10
google-chrome;106
oauth;28
android-studio;3175
clickonce;8
deployment;43
alfresco;4
ftp;105
jsfiddle;7
scss;72
uwp;53
celery;7
io;12
powershell;110
sass;80
gulp;58
gulp-sass;9
hapijs;1
gradle;122
operador;55
webgl;7
google-datastore;5
google-app-engine;42
objectify;2
constantes;9
tkinter;361
linq;327
apache;479
base-de-datos;1836
dup;1
subversion;4
svn;12
parse.com;11
highcharts;141
azure-redis;3
split;67
entity-framework-6;152
ingenier¡a-inversa;4
binding;32
mvvm;55
swt;4
.htaccess;363
redirecci¢n;79
reescritura-url;12
mod-rewrite;47
pm2;4
pycharm;33
linq-to-sql;48
dbml;1
windows-installer;15
scala;32
internet-explorer;53
internet-explorer-9;6
sqlite;411
spring-security;69
windows10;137
conflictos;3
visual-studio-2013;80
revisi¢n-de-c¢digo;123
google-visualization;25
angular-directivas;67
ecmascript-2015;32
c++98;16
express;396
gpg;5
intellij;48
javadoc;3
registro-windows;9
less;10
asp;249
midi;2
bundler;5
gemfile;6
filtros-css;4
d3.js;43
plsql;228
sqldeveloper;36
docker;171
lyx;3
iis;169
azul-zulu;2
drools;4
rabbit-mq;4
amcharts;11
geo-localizacion;91
java-9;9
spring-webflow;1
as400;9
jsp;533
cq5;2
aem;2
tinymce;19
pygame;60
ponyorm;2
bottle;5
test-ng;17
django-admin;71
django-forms;192
di logo;39
tweepy;19
symfony2;154
fullcalendar;116
internacionalizaci¢n;8
rest;317
xstream;2
spring-tool-suite;27
aplicaci¢n-web;263
iron-router;2
java-swing;552
requirejs;8
babeljs;16
javafx;269
bootstrap-carousel;37
asterisk;9
lazarus;7
angularjs-2.0;284
pagejs;1
material-design-lite;12
jade;38
android-glide;22
zip;49
curl;140
mono;13
zepto;1
groovy;32
serializaci¢n;69
sailsjs;19
genymotion;13
crystal-reports;137
twitter-api;36
wasync;1
ms-acces-2007;6
ensamblador;76
masm;7
selenium;177
xamarin;286
moodle;27
md5;23
encriptaci¢n;85
jboss-as-7;4
inyeccion-de-dependencias;22
datepicker;156
libgdx;23
sync-framework;3
interop;26
gen‚ricos;4
extjs;48
autocompletar;52
jquery-ui;116
jspdf;46
fecha;208
android-drawerlayout;32
drag-and-drop;29
agarrar-y-soltar;1
django-smart-selects;4
oauth2;41
formulas;37
date;294
animaci¢n;64
pyqt;116
bluetooth;68
odoo;80
 lgebra-relacional;3
prestashop;111
odata;8
apache-shiro;1
materialize;144
wso2;7
kerberos;2
java-stream;14
magento-1.9;5
eficiencia;20
angularjs-injector;6
richfaces;10
unreal-engine;5
soundpool;4
slack-api;3
 rboles;17
 rboles-binarios;45
webpack;90
wireshark;8
twig;62
indices;24
autenticaci¢n;93
handlebars.js;18
plotly;8
reportviewer;93
lua;31
polymer;25
hashmap;45
map;88
bitmap;51
jquery-validate;72
mybatis;11
spritekit;9
rubygems;67
electron;56
google-plus;3
google+;6
grails;40
heroku;87
generator;5
paypal;49
matlab;83
modulaci¢n;3
frecuencia;5
local-storage;68
jenkins;35
react-native;240
angular2-template;21
trigger;209
intel-xdk;4
sobrecarga;12
mongoose;210
jasper-reports;128
dise¤o;83
windows-phone;13
typings;4
vscode;61
android-viewpager;38
herencia;95
reflection;21
cabeceras-http;20
devexpress;78
adword;4
setinterval;35
odbc;51
xampp;303
ejb;49
atom-editor;29
openlayers;38
openlayers-3;13
zend;27
websocket;62
progressbar;47
coffeescript;7
pdo;476
cms;23
visual-c++;31
dev-c++;112
svg;88
zoom;16
viewport;5
scale;5
sencha-touch;5
anaconda;42
bitbucket;28
material-design;80
phonegap;76
wildfly;35
jmc;1
cmd;230
visual-studio-ts;1
transacciones;52
.htpasswd;4
picturebox;25
webbrowser;35
quicksort;14
ordenaci¢n;10
prolog;60
unity2d;52
preprocesador;6
glassfish;80
opengraph;4
ng-cordova;22
recyclerview;205
xamarin.forms;184
kivy;44
socket.io;79
vue.js;768
jqgrid;27
firefox;86
jsonp;20
tomcat;196
cucumber;9
x86;12
autofac;2
csv;320
ldap;26
openldap;7
google-play;77
gps;58
cython;1
crontab;45
ant;8
winapi;21
netcdf4;3
lambda;56
inyecci¢n-sql;9
jersey2;3
pfsense;2
gpl;3
arcgis;5
julia;7
webservice;730
emmet;5
layout;88
profiler;1
foundation;8
ngroute;14
httpd;8
centos;90
wav;4
realm;23
android-widget;13
alertdialog;64
stylus;4
laravel-4;30
gridview;112
jooq;1
mariadb;225
virtualbox;50
multichoice;7
pyinstaller;26
twitter;37
facebook-api;67
adfs;6
searchview;23
arrayadapter;23
jboss-5.x;2
powerbuilder;11
push-notification;98
sharedpreferences;46
promesas;103
markdown;13
xlrd;3
listview;212
edittext;65
android-fragment;303
scroll;116
formas;2
canvas;189
apache-spark;26
combobox;120
grid;37
log4j;17
spring-boot;319
alamofireimage;2
uitableviewcontroller;7
asm-pic;1
required;12
rust;4
diagrama-de-flujo;13
uitableview;25
enum;31
template;85
gtk;27
mpdf;33
gif;14
app;146
docx;11
c++1z;6
c++-faq;1
est ndares;7
google-places;9
sha512;2
div;119
accordion;12
iteraciones;11
login;309
android-jellybean;2
criptograf¡a;21
firma-digital;36
men£;138
atmel;3
wikitude;1
smartgwt;5
whatsapp;41
c3.js;5
jupyter;73
ipython;20
uicollectionview;12
factorial;10
safari;31
buscador;53
mapsforge;3
constraints;14
snapkit;1
delphi-2010;21
webview;87
scrapy;45
adobe-muse;3
regsvr32;2
oracle-sqldeveloper;143
css-transform;16
volatile;3
back-button;7
parsear;43
webview-android;53
arquitectura;22
cast;31
wordpress-theme;101
pic;9
ccs;17
querystring;7
cocoapods;9
jwt;75
ksoap;11
ssrs;24
digitalocean;15
pascal;55
video-adaptativo;4
hls;1
symfony3;146
webforms;195
response;21
callback;34
agregaci¢n;6
aws;103
orm;75
cil;2
arm;11
intel-atom;1
mvc;748
mootools;1
namespace;17
python-2.x;87
management-studio;8
websphere;11
teor¡a;5
windows-mobile;10
flask;137
almacenamiento;10
url;208
instagram-api;10
cakephp;120
blob;34
descarga;43
session;186
ngresource;2
restful;48
google-play-games;7
jxl;3
nsdata;1
qt-creator;29
openerp;9
pandas;405
alamofire;14
data-atributos;8
impresi¢n;48
entrada;142
azure-sql;10
ui.router;6
websphere-mq;7
navegador-web;41
vim;13
programaci¢n-m¢vil;107
gentoo;2
woocommerce;147
lenguaje-compilado;9
gwt;3
appcelerator;4
cloud9;3
appinventor;10
framework7;23
scanner;41
ada;3
gnat;2
emacs;7
love2d;2
sap;37
jco;1
scipy;27
screenshot;13
blur;6
popup;40
oledb;27
postgresql-9.3;66
drupal;32
ms-word;30
router;56
snap.svg;2
datatables;638
fax;1
tensorflow;36
google-play-services;22
mac-os;94
web;653
android-permissions;24
nhibernate;11
d3-v4.js;9
controller;145
odac;6
extensi¢n-google-chrome;30
firefox-webextensions;7
cakephp-bake;8
virtualizaci¢n;24
qml;6
redes;71
swift3;164
puertos;44
redes-neuronales;29
inteligencia-artificial;27
pretty-urls;21
fgets;10
sesiones;76
tokens;45
accesibilidad;6
nasm;16
grocery-crud;14
stdin;9
express-session;11
sqlalchemy;38
proxy;35
nodemailer;13
c¢digo-de-barras;10
angularjs-scope;19
drupal7;16
google-calendar;17
exe;27
phalcon;31
rgba;5
xmpp;12
qpython;3
telnet;10
flexbox;61
google-developers-console;11
google-cloud-platform;53
android-volley;79
sourcetree;10
android-imageview;68
laravel-excel;24
unity;136
material;15
jquery-plugins;12
codeblocks;46
prototipos;14
firewall;12
ejabberd;6
moodle-api;5
collectionjs;7
weblogic;47
ecmascript;10
unicode;38
localtime;5
.asmx;19
backend;60
redis;17
localdate;5
docker-compose;50
itext;40
dynamics-ax;4
dreamweaver;7
cli;21
sax;7
ingenieria-del-software;18
variables-globales;54
patrones-de-dise¤o;50
modal;248
freepascal;14
bottombar;10
skype;2
itunes;5
sql-server-2005;14
vbscript;42
tapestry;1
retrofit;80
navigation;18
baseadapter;8
openssl;28
vr;5
pcre;6
sql-server-2008;119
samba;9
fedora;11
microsoft-office;36
sql-server-2008-r2;35
aptana;1
fxml;19
interfaz-gr fica;149
informix;23
amazon-rds;6
odp.net;2
phpexcel;122
itextsharp;81
aplicaci¢n-escritorio;30
telerik;15
actionbar;14
batch;177
ado.net;41
pseint;28
toolbar;24
ciclos;38
ocr;18
onbackpressed;6
dependencias;21
textview;60
matrices;225
scope;26
model;60
pgadmin;46
sqldatatypes;6
game;23
outlook;36
iteradores;17
google-analytics;31
stream;40
par metros;14
sql-server-2000;4
laravel-blade;233
c mara;22
sql-server-2012;108
calendar;50
google-fonts;8
activity;131
phpmailer;177
ostream;1
pods;4
compilador;48
cookies;79
cursor;41
adb;18
appserv;4
android-wear;6
desofuscaci¢n;4
ms-access;200
ckeditor;36
https;82
spring-data;8
blender;8
jira;4
yacc;1
printf;15
http-post;43
http-get;30
teclado;28
dropzone;14
contact-form-7;15
sweetalert;53
autoincremento;4
offset;7
nfc;11
pyqt4;31
uml;34
font-awesome;44
bootstrap-3;109
pago-in-app;6
struct;44
slim;34
android-context;9
color;50
clase-anidada;8
web.config;21
sftp;15
ireport;59
axis;11
saml;3
macros;101
jackson;15
stored-procedure;302
broadcastreceiver;18
captcha;26
mechanize;5
constexpr;4
cpanel;54
query;472
babel;13
grub2;4
random;106
insert;130
checkbox;152
fortran;13
animated;9
sintaxis;35
redux;51
flux;3
sql-server-2014;87
ddd;6
c++.net;4
at¢mico;1
clips;1
elasticsearch;27
browserify;4
timeout;22
customadapter;12
filezilla;17
cron;47
jframe;160
instagram;7
id3;3
click;33
jmenubar;7
pivot;53
django-urls;44
schedule;11
radiobutton;63
radiogroup;8
mercadopago;174
opengl;37
jtable;118
slider;64
intentservice;5
c3p0;1
cassandra;15
mysql-workbench;230
jtextfield;44
google-documentos;8
java-util-scanner;23
teradata;7
ng-repeat;19
fetch;73
picasso;12
servidor;390
hosting;116
observable;24
data;67
mercadolibre;17
arraylist;282
function;118
visual-studio-2008;8
chart.js;126
ionic2;116
uitableviewcell;7
jsoup;14
wordpress-imagenes;10
sobrecarga-de-operadores;18
csh;2
timer;45
views;20
graphql;30
filesystem;32
screen;13
mac;47
wamp;63
video;92
spinner;64
pdfbox2.0;2
compilar;49
gcc;40
iframe;71
biometrico;5
dominio;69
jar;38
google-sites;7
fragment;98
cluster;14
android-listview;68
postgis;10
idioma;21
asynctask;27
google-search-console;12
google-static-maps;1
google-geocoding-api;5
rxjava;6
app.config;15
prepared-statements;34
formato;72
animate.css;6
objeto;103
xubuntu;11
hyperlink;6
es6;36
recursi¢n;91
letsencrypt;9
n£meros-enteros;17
puntero-a-funci¢n;8
refactoring;4
upload;44
autonumeric;3
apk;50
iptables;13
touchid;2
sqlplus;9
videojs;10
estructuras;36
gimp;2
neodatis;5
gitlab;47
modular;9
angular-material;50
apache2;110
adapter;38
mocha;10
pruebas-unitarias;39
concat;9
funci¢n-personalizada;10
pug;29
endpoint;11
rdp;2
cifrado;11
sha1;13
ejs;15
gnu;9
aforge;7
nullpointerexception;69
slim3;7
while;176
if;122
programaci¢n-bajo-nivel;35
github-pages;9
sql-server-2016;8
ssl;92
virtualhost;44
blogger;18
ssh;89
jquery-3;3
newlisp;2
pyserial;15
eloquent;376
shiny;31
numberpicker;4
hive;7
contenedores;18
boolean;7
geocodificaci¢n;4
bucle-for;280
touch;9
tabla-din mica;31
ciencia-de-datos;11
coda;1
rutas;127
firebug;1
epub;1
lumen;37
mkdir;6
group-by;48
amazon-s3;21
tipograf¡a;35
google-oauth;9
composer;91
struts2;22
migration;46
php5;225
php7;416
php-cli;2
notepad++;14
opencv;110
javazoom;1
vuex;72
windows-server;40
windows-server-2012;42
pseudoc¢digo;16
system.js;5
make;7
bootstrap-4;311
plpgsql;12
android-service;12
g-suite;4
sql-server-ce;4
modernizr;2
passport;34
seeders;6
rstudio;119
f¢rmulas-de-matriz;9
internet-explorer-8;3
datos-abiertos;2
projectserver;1
visual-foxpro;16
foxpro;11
activerecord;18
bing-search;2
cmake;9
jasper;22
certificado-ssl;52
l¡nea-de-comandos;31
angular-cli;45
wordpress-plugin;116
payload;2
terminal;85
datagrid;157
chai;6
dynamodb;11
vb6;82
python-requests;47
clone;10
sqldf;1
keystore;8
phpword;16
tiff;2
contrase¤a;26
xsl;27
font-faces;3
sfml;11
theme;6
bison;2
camtasia;1
amp;13
networking;24
sprintf;3
annotation;12
enlazado;5
actionscript;8
discord.py;4
imagen;466
android-toast;10
webix;5
es2016;3
c++17;7
bootstrap-switch;2
casio;1
basic;8
argparse;3
imap;7
pipe;20
fcm;17
push;28
android-m;2
greendao;3
wsdl;52
visual-studio-2017;306
illustrator;2
select;331
audio-manager;7
mensajes;16
owl;7
access-control;5
pentaho;17
ms-access-2013;15
ms-access-2007;7
mdb;6
kitkat;4
design;15
raspberry-pi;91
google-play-console;20
easeljs;1
createjs;1
box-shadow;2
validaciones;7
inspinia;3
android-notifications;31
type;10
text;42
vi;4
kotlin;217
mapbox;18
tcl;1
ksh;3
devise;20
aeat-sii;36
crud;87
onclick;47
sonido;14
play;4
android-settings;3
silverlight;10
telegram;28
atributos;21
pilas;57
d;1
particles;4
rpm;2
smarty;10
chrome;54
ramas-git;7
diccionarios;107
ogre;11
bluej;10
sitemap;8
fos-user-bundle;5
google-signin;6
kibana;5
fuentes;7
angular-datatables;20
semantic-ui;21
qrcode;27
datatable;138
mime;12
google-maps-v3;31
tooltip;15
robots.txt;9
ionic-framework;114
onesignal;9
cardview;24
build.gradle;36
iphone;58
richtextbox;3
filewriter;17
universal-image-loader;2
out-of-memory-error;23
beautifulsoup;39
sylius;3
formdata;10
db2;18
pyside;6
asp.net-mvc-4;24
cv2;14
responsive;114
rvest;4
vistas-materializadas;2
google-chrome-app;4
fragmentpageradapter;3
scanf;16
undefined;34
sfinae;3
evaluaci¢n;3
float;43
git-merge;10
sms;29
redes-sociales;10
tinyurl;1
excel-2010;10
mediaqueries;30
netlogo;1
autohotkey;2
excel-2013;18
entity-framework-core;45
gitignore;7
bufferedimage;8
innosetup;3
wxwidgets;10
flashback;1
ibm-bluemix;6
youtube-api;22
subconsultas;50
b£fer;2
stdout;2
operador-de-conversi¢n;4
mp3;7
operador-incremento;3
operador-ternario;5
computaci¢n-cu ntica;2
mouse;11
ip;42
inno-setup;10
pascalscript;5
carbon;31
link;27
script;275
href;29
src;9
pixijs;4
neo4j;11
junit;52
sizeof;5
padding;3
brackets;9
pls;2
tumblr;1
urlencoding;5
angularjs-4.0;3
nmap;2
ld;2
parser;8
leaflet;38
time;53
disqus;1
packages;25
symfony;156
dql;10
cors;66
angulajs;5
vsts;4
visual-studio-code;59
get;81
xamarin.android;88
java-money;1
hack;3
procesos-en-segundo-plano;15
arquitectura-de-software;14
glide;11
couchbase;4
vuforia;9
fibonacci;18
mediaplayer;22
countdowntimer;5
google-search;6
google-adsense;6
administraci¢n-de-software;8
vichuploaderbundle;2
fileupload;76
contador;30
.net-core;58
fpdf;93
wizard;5
component;40
cobol;6
clob;4
windows7;10
splash;3
adminer;2
file;31
zkemkeeper;4
polimorfismo;19
complejidad;12
operadores;6
ionic3;166
bot¢n;204
sonar;13
atajo;6
grunt;7
task-runner;4
notificaciones;30
pkg;2
behat;2
tdd;4
delphi-berlin;9
restsharp;12
wordpress-widget;7
webtoken;4
pwa;12
bonita;9
report;30
dynamics-crm;3
reporting;9
crm;5
certificado-apple;6
rdlc;14
puntero-a-miembro;2
hash;39
sha256;7
itunes-connect;3
war;12
dise¤o-de-clases;38
shell-script;78
plesk;14
vps;28
mongod;9
debian-9;17
webapi;31
tibble;2
hover;29
jstree;5
sweetalert2;26
pyspark;19
smtp;49
buenas-pr cticas;41
progressdialog;7
dropzone.js;10
qr;14
onclicklistener;15
tar;8
raspbian;27
vb;87
angular4;95
google-spreadsheets;4
crahslytics;3
google-fabric;1
form-submit;10
rjava;3
erlang;2
three.js;7
pst;1
hardware;13
nextcloud;3
android-gridview;3
config;8
percentil;3
filtro;44
build;18
derby;8
datarow;6
dataset;31
sqllite;6
selenium-webdriver;77
github-desktop;4
hadoop;12
push.js;3
class;77
icons;22
ram;6
geojson;22
ftpclient;5
lighttpd;3
sybase;13
submit;15
print;46
jobs;26
openxml;4
godaddy;21
reactstrap;5
linearlayout;6
jmeter;16
test;57
xamarin-studio;3
capybara;4
constraint-layout;5
conjuntos;5
else;28
audio;53
bootstrap-table;8
qlineedit;3
multipart;6
hbase;2
zookeeper;1
foreach;105
mvp;3
gd;7
mpi;7
google-chart-api;30
android-recyclerview;23
substr;5
activemq;5
vala;8
selectores;20
in-array;4
adobe-flash;3
enlaces-ancla;7
sql-server-express;9
usercontrol;19
volley;34
ventana;26
jquery-mask-plugin;3
osb;3
nav;19
git-add;2
xdebug;16
rectangle;3
vhdl;1
phpunit;14
symfony4;53
netbeans-8.2;155
net;25
blockchain;7
onkeypress;5
onkeyup;6
mysqlconnector;28
mysqlconnector.jar;7
radio;12
dropdownlist;51
onkey;2
uri;12
diff;6
updatepanel;7
stripe;3
active;3
margin;4
phpspreadsheet;26
textarea;13
li;5
show;9
hide;5
gunicorn;5
virtualenv;9
centos7;41
imprimir;27
impresora;12
jython;2
tpv;4
error404;32
certificado;22
nativescript;25
keypressevent;8
gdb;4
reportviewerreporte;3
fstream;10
innodb;14
myisam;4
b£squeda-monte-carlo;2
font-size;5
identity;24
django-templates;22
listbox;17
stack;13
heap;3
interface;26
cloud;24
apigoogle;10
primeng;16
exchangewebservices;4
spool;3
google-distancematrix-api;1
google-api;134
chromedriver;14
titanium;1
rtf;5
powerquery;4
powerbi;35
logger;9
powerpivot;4
orgchart;2
genericos;19
propel;2
html-tabla;87
slf4j;3
angular5;202
html-select;48
html-correo;4
keras;24
xslt;23
xsd;18
xml-schema;9
translate;5
css-grid-layout;25
zxing;10
game-maker;2
git-bash;9
sympy;12
zeep;8
imacros;2
git-flow;7
swift4;80
toad;8
django-views;28
gorm;3
travis-ci;3
nyc;1
mochajs;2
code-first;17
sensor;5
referer;3
google-apps-script-html-service;8
phaser.io;2
cshtml;16
lampp;6
android-spinner;14
maxima;7
jodatime;3
simple-html-dom;10
fputcsv;8
bazel;3
google-sheets;2
mysqldb;18
git-clone;3
yml;3
mips32;6
angular;1521
formato-condicional;7
fopen;12
uikit-3;3
jstl;14
spire;2
taglib;2
eclipse-oxygen;17
django-class-based-views;5
bootstrap-vue;10
ecmascript-6;78
ecmascript-7;6
bootstrap-timepicker;2
hoja-de-c lculo-tabla-din mica;11
dompdf;50
postman;45
posix;2
libreoffice-calc;5
google-cloud-firestore;67
tfs;5
android-bottom-nav-view;5
r-dplyr;16
oracleforms;4
laravel-mix;9
datetimepicker;28
trello;5
genexus15;23
usb;18
sugarcrm;3
phpstorm;8
update;100
crystal-lang;3
guzzle;10
viewchild;3
elementref;2
bucles;193
veevalidate;4
machine-learning;42
emulaci¢n;9
import;25
boostraptable;20
b£squedas;33
haml;2
gr ficas;30
porcentaje;10
consulta;106
text-mining;3
supportmapfragment;3
tomee;2
intellij-idea;25
distinct;9
imagemagick;5
drupal8;9
pentaho-spoon;6
sheetjs;4
android-manifest;9
react-navigation;23
f#;2
aspx;31
android-navigationview;5
axml;2
rasa-nlu;8
wget;9
ejecutar;11
rasa-core;7
sql-server-2017;19
singleton;8
relaciones;53
logica;23
modelorelacional;32
tablas;74
serialport;32
solidity;5
caracteres;37
mailer;4
regresi¢n-lineal;10
localhost;51
paginaci¢n;50
xdocument;6
salsa;1
consulta-sql;120
decoradores;9
tesseract;3
tcpdf;17
openshift-origin;1
html2pdf;10
integer;11
spa;4
artisan;17
delphi-tokyo;9
librer¡a;40
maatwebsite;7
genexusxev3;3
;37
axios;100
latino;1
docker-machine;4
backgroundworker;12
qt-designer;5
carousel;19
as3;1
flex;9
react-redux;18
qtablewidget;6
bokeh;3
simplexlsx;3
floating-action-button;3
nltk;7
math;17
qmainwindow;2
opensuse;4
querybuilder;8
mysql-sever;2
fabric;2
msdos;13
content-provider;4
indy;3
instalacion;23
prestashop1.7;25
scikit-learn;7
each;4
epplus;17
parallax;3
procesamiento-de-texto;9
notification;6
blade;28
flutter;160
jbutton;9
jdatechooser;6
qgridlayout;3
plantillas-de-texto;2
cx-freeze;6
filter;32
word-embedding;1
google-app-maker;3
solaris;2
img;23
wireframe;1
expo;16
plantuml;2
linux-mint;16
linuxmint;5
abogado-del-lenguaje;6
daterangepicker;2
substring;20
teor¡a-de-grafos;10
spacy;5
dart;73
amazon;18
n£meros-primos;9
numberformat;7
store;10
angular6;128
winrar;3
jsonobject;49
jsonarray;35
ia;6
gpu;2
setcookie;5
firebase-messaging;22
pygal;3
textbox;24
apex;10
rxjs;24
validation;12
preg-match;10
cadenas;26
cakephp-3.x;12
jax-rs;7
vmwclarity;2
chocolatey;2
activex;5
android-pie;4
timepicker;2
jhipster;14
kubernetes;12
jsdoc;1
task;11
phaser;4
amazon-web-services;6
oracle-12c;23
async;25
navbar;25
selectores-css;13
reactive-programing;6
remote-view;2
mqtt;6
sqltabledependency;2
division;3
pair;2
android-adapter;7
lenguaje-marcado;2
set;7
google-photos;2
cronjobs;8
tiddlywiki;1
python-3.7;99
gulp-4;6
netbeans-9;2
ngfor;9
java-7;4
angular7;152
diagrama-er;5
html5-datalist;2
yum;2
swift-mailer;2
logcat;3
innerhtml;7
internal;2
netbeans-plugins;1
netbeans-8.1;6
netbeans-8.0;4
scenebuilder;19
controlsfx;1
javafx-css;4
vue2-google-map;4
gmap-autocomplete;2
jaxb;12
jdom;2
fasterxml;1
octave;7
gnuplot;2
gitlab-ci;5
recaptcha;13
google-query-language;2
asyncio;5
samsung;3
bootstrap-tags-input;6
appveyor;2
xhtml2pdf;2
angular-router;12
alexa;3
ask-sdk;3
dapper;3
pyomo;2
tarea;8
sas;2
yarn;5
uipath;2
sh;3
multer;12
msg;1
graphviz;1
alertify;5
doctest;3
windowsce;3
red-hat;8
jdeveloper;4
flask-wtf;2
sharpdevelop;3
android-viewmodel;4
android-room;2
xamarin.ios;8
rhel;2
vmware;10
clausuras;8
concatenaci¢n;16
c lculo-relacional;2
metodolog¡a;3
compilaci¢n-cruzada;2
ofuscaci¢n;6
vuetify;22
predicci¢n;3
agrupaci¢n;6
scrollbar;8
messagebox;4
laravelcollective;8
androidx;8
apdu;2
punteros-inteligentes;1
knex;8
bitconverter;2
gcloud;5
exists;2
allegro;4
tracking;2
handlebars;11
lindenscriptinglanguage;1
bcryptjs;2
cut;4
puppeteer;8
service-workers;6
options;6
api-fluent;1
pydub;1
squirrel;1
guardar;6
charts;11
dojo2;2
fs;3
rsa;5
simplexml;2
nodos;14
pagination;5
ionic4;89
payu;7
qt5;4
bouncycastle;2
smime;1
espacio-de-nombres;1
javasound;2
qmake;3
polyfill;2
serializacion;2
silex;2
optional;2
fastreport;2
openpyxl;8
prism;2
ngx-admin;4
delegados;3
netbeans-11;12
javac;2
nvm;3
jni;6
jcreator;2
applet;5
git-tag;4
java-11;5
mpi4py;2
xquery;2
protractor;1
host;7
wxpython;3
dialog-fragment;4
theano;1
java-2d;1
ciclo-de-vida;3
comportamiento-indefinido;1
openpay;5
ebay-api;1
datalist;3
c++builder;5
dagger2;2
jax-ws;2
busqueda;9
exec;4
bem;1
autocomplete;10
fastmm;1
requests;13
ph;1
table;22
informatica-power-center;2
ipc;1
faker;1
avro;1
dataframe;55
apache-nifi;5
visual-studio-2019;21
pytesseract;4
ansible;4
p5js;1
mail;15
pysimplegui;1
java-awt;5
phantomjs;4
httacces;1
reactphp;1
signature;3
nonce;1
colecciones;4
collect;1
scriptmanager;1
telegram-bot;3
jepp;1
sikuli;1
laravel-5.7;10
jnlp;2
xamarinforms;2
android-espresso;1
lit-element;1
lit-html;1
web-components;2
apache-ofbiz;1
cisco;1
generador;1
headers;8
sonarqube;2
tls;3
playframework;3
vlcj;4
android-security;1
mybb;1
defontana;1
stacktable;1
javascript-objeto;15
regedit;1
apache-cordova;4
alert;7
magento;1
liquid;3
android-button;3
swagger-ui;3
oracle-8i;1
socketcluster;1
facebook-graph-api;6
actualizacion;3
rxdart;1
modalform;2
slide;3
debug;11
relative;1
transact-sql;7
enzyme;1
jestjs;3
animacion;2
transicion;3
processing;3
validators.required;1
async-await;13
incubator;1
microsoft;14
graph;3
visual-basic-for-applications;7
appybuilder;1
ext.net;1
fondo;3
vsftp;3
quagga.js;1
dfa;1
nfa;1
automatas;1
java-12;1
traduccion;1
mockito;8
junit-5;2
jamon;1
log4j2;2
jemmy;1
express-validator;1
pymongo;3
cleardb;1
criteria;1
animation;6
transition;1
electron-build;2
firebase-auth;5
firebaseui;1
blazor;4
pop;2
idle;2
refrescar;2
parametros;9
vuejs;33
pyshark;1
uinity;1
read;2
system;2
epson;2
aspnet;5
h2;4
impala;5
resttemplate;2
jpql;10
criteria-api;4
eclipselink;3
jflex;4
cup;1
dropwizard;3
jacoco-maven-plugin;1
single-sign-on;3
openjpa;2
antlr;1
jcup;1
fnmatch;1
html2canvas;2
coolbeans;1
procedimiento;1
codacy;1
jacoco;1
owin;2
attached-properties;1
jcalendar;2
directivas;2
angular8;21
tinker;1
appium;1
currency;1
postfix;2
dovecot;3
c++20;1
conceptos;1
datagridview;31
cropperjs;1
pyodbc;3
cpan;1
java-6;1
javamail;4
payara;2
jest;2
webhook;5
arcore;1
c#-8.0;5
md-bootstrap;2
maquetacion;1
responsivo;1
crear;2
culqi;1
multiselect;2
pusher;2
pusher-notifications;1
htmlunit;3
spyder;4
evergreen;1
adonisjs;3
broadcast;2
socialite;1
laravel-6;14
visualizaci¢n-de-datos;4
r-vegan;1
itertools;2
r-markdown;5
fontastic;1
rotativa;1
mapquest;2
closedxml;1
chartjs;6
peticion;1
local-notifications;1
peticiones;3
corb;1
binario;7
calculo;2
godday;1
.app;1
rxtx;1
loopback;1
github-package-registry;1
google-apps-script-menu;3
v;1
interfaz;2
vue-router;3
reporte;1
paint;1
vscode-api;1
djongo;1
dotenv;1
scraping;13
weka;1
viewmodel;2
livedata;3
expresion;1
regular;2
referencias;1
inversas;1
monedas;1
cambio;1
sdk;11
trimble-access;1
categorical;1
magnific;1
template-strings;1
warnings;2
indentaci¢n;1
playstore;2
r-igraph;1
ean;1
array-bidimensional;1
cgi;2
semantic-html;1
storage;2
memoization;1
xls;1
clr;1
sort;2
wampserver;2
nomenclatura;1
c¢digo-fuente;1
pymysql;1
big-o;1
boot;2
serialize;2
deserialize;1
manifest;1
warnonce;1
autocompletedecorator;1
ivy;1
resteasy;1
com;1
msp430;1
kill;1
concatenacion;1
esb;1
funciones-agregadas;1
funciones-ventana;1
solidworks-pdm;1
ccstudio;1
props;1
webalizer;1
opera;2
spring-ws;1
usecase;1
viewmode;1
memoria;1
malloc;1
delete;1
tad;1
carrusel;1
txt;2
doorkeeper;1
maven-assembly-plugin;1
databricks;1
port;1
python-docx;1
variance;1
seaborn;1
trait;1
route53;1
onactivityresult;1
scan-qr;1
meta-tags;1
servicenow;1
mostrar-modal;1
modal-sin-redir;1
centos6;1
